{"cameraMode":{"drawMode":0,"name":"Shaded","section":"Shading Mode"},"sceneLighting":false,"audioPlay":false,"sceneViewState":{"m_AlwaysRefresh":false,"showFog":true,"showSkybox":false,"showFlares":true,"showImageEffects":true,"showParticleSystems":true,"showVisualEffectGraphs":true,"m_FxEnabled":true},"in2DMode":false,"pivot":{"x":-8.724032402038575,"y":11.029532432556153,"z":-5.445899963378906},"rotation":{"x":0.22505947947502137,"y":0.19716516137123109,"z":-0.04655979201197624,"w":0.9530519843101502},"size":2.7689671516418459,"orthographic":true}