{"cameraMode":{"drawMode":0,"name":"Shaded","section":"Shading Mode"},"sceneLighting":true,"audioPlay":false,"sceneViewState":{"m_AlwaysRefresh":false,"showFog":true,"showSkybox":true,"showFlares":true,"showImageEffects":true,"showParticleSystems":true,"showVisualEffectGraphs":true,"m_FxEnabled":true},"in2DMode":false,"pivot":{"x":1.0720605850219727,"y":1.5130131244659424,"z":17.19247055053711},"rotation":{"x":0.04730316251516342,"y":0.05690494924783707,"z":-0.0026988741010427477,"w":0.9972521662712097},"size":6.918739318847656,"orthographic":false}