{"cameraMode":{"drawMode":0,"name":"Shaded","section":"Shading Mode"},"sceneLighting":true,"audioPlay":false,"sceneViewState":{"m_AlwaysRefresh":false,"showFog":true,"showSkybox":true,"showFlares":true,"showImageEffects":true,"showParticleSystems":true,"showVisualEffectGraphs":true,"m_FxEnabled":true},"in2DMode":false,"pivot":{"x":-7.6149749755859379,"y":-4.690962314605713,"z":15.788439750671387},"rotation":{"x":0.6920395493507385,"y":0.009743990376591683,"z":-0.009343101643025875,"w":0.7217332124710083},"size":14.486821174621582,"orthographic":true}